{
    "addressmapping": {
        "PSEUDOCHANNEL_BIT":[
            29
        ],
        "BANKGROUP_BIT":[
            27,
            28
        ],
        "BANK_BIT": [
            25,
            26
        ],
        "BYTE_BIT": [
            0,
            1,
            2
        ],
        "COLUMN_BIT": [
            3,
            4,
            5,
            6,
            7,
            8,
            9
        ],
        "ROW_BIT": [
            10,
            11,
            12,
            13,
            14,
            15,
            16,
            17,
            18,
            19,
            20,
            21,
            22,
            23,
            24
        ]
    }
}
