{
    "addressmapping": {
        "BANK_BIT": [
            27,
            28,
            29
        ],
        "BYTE_BIT": [
            0
        ],
        "COLUMN_BIT": [
            1,
            2,
            3,
            4,
            5,
            6,
            7,
            8,
            9,
            10
        ],
        "ROW_BIT": [
            11,
            12,
            13,
            14,
            15,
            16,
            17,
            18,
            19,
            20,
            21,
            22,
            23,
            24,
            25,
            26
        ]
    }
}