{
    "addressmapping": {
        "BANK_BIT": [
            4,
            5
        ],
        "BYTE_BIT": [
            0,
            1,
            2,
            3
        ],
        "CHANNEL_BIT": [
            25,
            26
        ],
        "COLUMN_BIT": [
            6,
            7,
            8,
            9,
            10,
            11,
            12
        ],
        "ROW_BIT": [
            13,
            14,
            15,
            16,
            17,
            18,
            19,
            20,
            21,
            22,
            23,
            24
        ]
    }
}