{
    "memspec": {
        "memarchitecturespec": {
            "burstLength": 8,
            "dataRate": 2,
            "nbrOfBankGroups": 4,
            "nbrOfBanks": 16,
            "nbrOfColumns": 1024,
            "nbrOfRanks": 1,
            "nbrOfRows": 32768,
            "width": 8,
            "nbrOfDevices": 8,
            "nbrOfChannels": 1
        },
        "memoryId": "MICRON_4Gb_DDR4-2400_8bit_A",
        "memoryType": "DDR4",
        "mempowerspec": {
            "idd0": 60.75,
            "idd02": 4.05,
            "idd2n": 38.25,
            "idd2p0": 17.0,
            "idd2p1": 17.0,
            "idd3n": 44.0,
            "idd3p0": 22.5,
            "idd3p1": 22.5,
            "idd4r": 184.5,
            "idd4w": 168.75,
            "idd5": 118.0,
            "idd6": 20.25,
            "idd62": 2.6,
            "vdd": 1.2,
            "vdd2": 2.5
        },
        "memtimingspec": {
            "AL": 0,
            "CCD_L": 6,
            "CCD_S": 4,
            "CKE": 6,
            "CKESR": 7,
            "CL": 16,
            "DQSCK": 2,
            "FAW": 26,
            "RAS": 39,
            "RC": 55,
            "RCD": 16,
            "REFM": 1,
            "REFI": 9360,
            "RFC": 312,
            "RFC2": 192,
            "RFC4": 132,
            "RL": 16,
            "RPRE": 1,
            "RP": 16,
            "RRD_L": 6,
            "RRD_S": 4,
            "RTP": 12,
            "WL": 16,
            "WPRE": 1,
            "WR": 18,
            "WTR_L": 9,
            "WTR_S": 3,
            "XP": 8,
            "XPDLL": 325,
            "XS": 324,
            "XSDLL": 512,
            "ACTPDEN": 2,
            "PRPDEN": 2,
            "REFPDEN": 2,
            "RTRS": 1,
            "tCK": 833
        }
    }
}
