{
    "memspec": {
        "memarchitecturespec": {
            "burstLength": 8,
            "dataRate": 2,
            "nbrOfBanks": 8,
            "nbrOfColumns": 1024,
            "nbrOfRanks": 2,
            "nbrOfRows": 16384,
            "width": 64,
       	    "nbrOfDevices": 1,
            "nbrOfChannels": 1
        },
        "memoryId": "MICRON_2GB_DDR3-1600_64bit_G_UDIMM",
        "memoryType": "DDR3",
        "mempowerspec": {
            "idd0": 522.0,
            "idd2n": 405.0,
            "idd2p0": 108.0,
            "idd2p1": 270.0,
            "idd3n": 405.0,
            "idd3p0": 315.0,
            "idd3p1": 315.0,
            "idd4r": 1197.0,
            "idd4w": 1152.0,
            "idd5": 1422.0,
            "idd6": 90.0,
            "vdd": 1.5
        },
        "memtimingspec": {
            "AL": 0,
            "CCD": 4,
            "CKE": 5,
            "CKESR": 5,
            "CL": 10,
            "DQSCK": 0,
            "FAW": 32,
            "RAS": 28,
            "RC": 38,
            "RCD": 10,
            "REFI": 4160,
            "RFC": 88,
            "RL": 10,
            "RP": 10,
            "RRD": 6,
            "RTP": 6,
            "WL": 8,
            "WR": 12,
            "WTR": 6,
            "XP": 5,
            "XPDLL": 20,
            "XS": 96,
            "XSDLL": 512,
            "ACTPDEN": 1,
            "PRPDEN": 1,
            "REFPDEN": 1,
            "RTRS": 1,
            "tCK": 1250
        }
    }
}
