{
    "memspec": {
        "memarchitecturespec": {
            "burstLength": 8,
            "dataRate": 2,
            "nbrOfBanks": 8,
            "nbrOfColumns": 1024,
            "nbrOfRanks": 1,
            "nbrOfRows": 32768,
            "width": 8,
       	    "nbrOfDevices": 8,
            "nbrOfChannels": 1
        },
        "memoryId": "MICRON_2Gb_DDR3-1066_8bit_D_mu",
        "memoryType": "DDR3",
        "mempowerspec": {
            "idd0": 66.8,
            "idd2n": 24.54,
            "idd2p0": 6.63,
            "idd2p1": 13.82,
            "idd3n": 27.67,
            "idd3p0": 23.71,
            "idd3p1": 23.71,
            "idd4r": 120.13,
            "idd4w": 122.38,
            "idd5": 170.93,
            "idd6": 6.01,
            "vdd": 1.5
        },
        "memtimingspec": {
            "AL": 0,
            "CCD": 4,
            "CKE": 3,
            "CKESR": 4,
            "CL": 7,
            "DQSCK": 0,
            "FAW": 20,
            "RAS": 20,
            "RC": 27,
            "RCD": 7,
            "REFI": 4160,
            "RFC": 86,
            "RL": 7,
            "RP": 7,
            "RRD": 4,
            "RTP": 4,
            "WL": 6,
            "WR": 8,
            "WTR": 4,
            "XP": 4,
            "XPDLL": 13,
            "XS": 92,
            "XSDLL": 512,
            "ACTPDEN": 1,
            "PRPDEN": 1,
            "REFPDEN": 1,
            "RTRS": 1,
            "tCK": 1876
        }
    }
}
