{
    "memspec": {
        "memarchitecturespec": {
            "burstLength": 8,
            "dataRate": 2,
            "nbrOfBanks": 8,
            "nbrOfColumns": 1024,
            "nbrOfRanks": 1,
            "nbrOfRows": 16384,
            "width": 16,
            "nbrOfDevices": 1,
            "nbrOfChannels": 1
        },
        "memoryId": "MICRON_2Gb_LPDDR2-1066-S4_16bit_A",
        "memoryType": "LPDDR2",
        "mempowerspec": {
            "idd0": 20.0,
            "idd02": 71.0,
            "idd2n": 1.7,
            "idd2n2": 22.0,
            "idd2p0": 0.5,
            "idd2p02": 1.7,
            "idd2p1": 0.5,
            "idd2p12": 1.7,
            "idd3n": 1.2,
            "idd3n2": 30.0,
            "idd3p0": 1.2,
            "idd3p02": 4.12,
            "idd3p1": 1.2,
            "idd3p12": 4.12,
            "idd4r": 5.0,
            "idd4r2": 226.0,
            "idd4w": 10.0,
            "idd4w2": 208.0,
            "idd5": 15.0,
            "idd52": 136.0,
            "idd6": 1.2,
            "idd62": 2.6,
            "vdd": 1.8,
            "vdd2": 1.2
        },
        "memtimingspec": {
            "AL": 0,
            "CCD": 4,
            "CKE": 3,
            "CKESR": 8,
            "CL": 8,
            "DQSCK": 2,
            "FAW": 27,
            "RAS": 23,
            "RC": 32,
            "RCD": 10,
            "REFI": 2080,
            "RFC": 70,
            "RL": 8,
            "RP": 10,
            "RRD": 6,
            "RTP": 4,
            "WL": 4,
            "WR": 10,
            "WTR": 4,
            "XP": 4,
            "XPDLL": 4,
            "XS": 75,
            "XSDLL": 75,
            "tCK": 1876
        }
    }
}
