{
    "memspec": {
        "memarchitecturespec": {
            "burstLength": 8,
            "dataRate": 2,
            "nbrOfBanks": 8,
            "nbrOfColumns": 1024,
            "nbrOfRanks": 1,
            "nbrOfRows": 16384,
            "width": 8,
       	    "nbrOfDevices": 8,
            "nbrOfChannels": 1
        },
        "memoryId": "MICRON_1Gb_DDR3-1600_8bit_G",
        "memoryType": "DDR3",
        "mempowerspec": {
            "idd0": 70.0,
            "idd2n": 45.0,
            "idd2p0": 12.0,
            "idd2p1": 30.0,
            "idd3n": 45.0,
            "idd3p0": 35.0,
            "idd3p1": 35.0,
            "idd4r": 140.0,
            "idd4w": 145.0,
            "idd5": 170.0,
            "idd6": 8.0,
            "vdd": 1.5
        },
        "memtimingspec": {
            "AL": 0,
            "CCD": 4,
            "CKE": 3,
            "CKESR": 4,
            "CL": 10,
            "DQSCK": 0,
            "FAW": 24,
            "RAS": 28,
            "RC": 38,
            "RCD": 10,
            "REFI": 6240,
            "RFC": 88,
            "RL": 10,
            "RP": 10,
            "RRD": 5,
            "RTP": 6,
            "WL": 8,
            "WR": 12,
            "WTR": 6,
            "XP": 6,
            "XPDLL": 20,
            "XS": 96,
            "XSDLL": 512,
            "ACTPDEN": 1,
            "PRPDEN": 1,
            "REFPDEN": 1,
            "RTRS": 1,
            "tCK": 1250
        }
    }
}
