{
    "memspec": {
        "memarchitecturespec": {
            "burstLength": 8,
            "dataRate": 2,
            "nbrOfBanks": 8,
            "nbrOfColumns": 1024,
            "nbrOfRanks": 1,
            "nbrOfRows": 16384,
            "width": 16,
       	    "nbrOfDevices": 4,
            "nbrOfChannels": 1
        },
        "memoryId": "MICRON_2Gb_DDR3-1600_16bit_D",
        "memoryType": "DDR3",
        "mempowerspec": {
            "idd0": 110.0,
            "idd2n": 42.0,
            "idd2p0": 12.0,
            "idd2p1": 40.0,
            "idd3n": 45.0,
            "idd3p0": 45.0,
            "idd3p1": 45.0,
            "idd4r": 270.0,
            "idd4w": 280.0,
            "idd5": 215.0,
            "idd6": 12.0,
            "vdd": 1.5
        },
        "memtimingspec": {
            "AL": 0,
            "CCD": 4,
            "CKE": 3,
            "CKESR": 4,
            "CL": 10,
            "DQSCK": 0,
            "FAW": 32,
            "RAS": 28,
            "RC": 38,
            "RCD": 10,
            "REFI": 4160,
            "RFC": 128,
            "RL": 10,
            "RP": 10,
            "RRD": 6,
            "RTP": 6,
            "WL": 8,
            "WR": 12,
            "WTR": 6,
            "XP": 5,
            "XPDLL": 20,
            "XS": 136,
            "XSDLL": 512,
            "ACTPDEN": 1,
            "PRPDEN": 1,
            "REFPDEN": 1,
            "RTRS": 1,
            "tCK": 1250
        }
    }
}
